[
  {
    "gate": 1,
    "name": "Self-Expression",
    "center": "G Center",
    "fields": {
      "mind": "Processes identity through symbolic meaning and personal creativity.",
      "heart": "Drives a deep desire to express uniqueness and soul tone.",
      "body": "Initiates movement based on internal creative impulse."
    },
    "lines": {
      "1.1": {
        "line_name": "Creation",
        "karma_level": "Personal",
        "quirk": "Creates compulsively even when no one is watching.",
        "habit": "Withholds until inner spark is complete.",
        "behavioral_expression": "Prefers solitary genesis."
      },
      "1.2": {
        "line_name": "Recognition",
        "karma_level": "Personal",
        "quirk": "Needs others to see value in their work.",
        "habit": "Seeks confirmation before proceeding.",
        "behavioral_expression": "Emotionally tied to audience approval."
      },
      "1.3": {
        "line_name": "Trial and Error",
        "karma_level": "Personal",
        "quirk": "Experiments with multiple creative paths.",
        "habit": "Destroys and rebuilds frequently.",
        "behavioral_expression": "Unstable but innovative."
      },
      "1.4": {
        "line_name": "Influence",
        "karma_level": "Transpersonal",
        "quirk": "Shapes group creativity.",
        "habit": "Pulls others into their artistic field.",
        "behavioral_expression": "Leads with authentic originality."
      },
      "1.5": {
        "line_name": "Icon",
        "karma_level": "Transpersonal",
        "quirk": "Seen as a visionary or eccentric.",
        "habit": "Bears the weight of cultural projection.",
        "behavioral_expression": "Performs self-expression for others\u2019 evolution."
      },
      "1.6": {
        "line_name": "Mystic",
        "karma_level": "Interpersonal",
        "quirk": "Operates beyond time-bound creativity.",
        "habit": "Exists between known and unknown patterns.",
        "behavioral_expression": "Radiates abstract beauty that influences silently."
      }
    },
    "crosses": [
      {
        "name": "Right Angle Cross of the Sphinx",
        "position": "Personality",
        "tension_signature": "Direction \u2192 Expression of Unique Identity",
        "field_modifier": "Adds magnetic aura to creative fields."
      }
    ]
  },
  {
    "gate": 6,
    "name": "Conflict",
    "center": "Solar Plexus",
    "fields": {
      "mind": "Perceives emotional tension as mental dissonance or resolution.",
      "heart": "Seeks emotional clarity through engagement or withdrawal.",
      "body": "Instinctively defends or merges based on perceived threat to safety."
    },
    "lines": {
      "6.1": {
        "line_name": "Retreat",
        "karma_level": "Personal",
        "quirk": "Avoids confrontation unless emotionally cornered.",
        "habit": "Withdraws when energy is undefined.",
        "behavioral_expression": "Tends to internalize conflict until emotionally secure."
      },
      "6.2": {
        "line_name": "Diplomacy",
        "karma_level": "Personal",
        "quirk": "Struggles with ambiguity in others\u2019 emotional signals.",
        "habit": "Tests the emotional temperature before speaking truth.",
        "behavioral_expression": "Plays intermediary until truth is exposed."
      },
      "6.3": {
        "line_name": "Allegiance",
        "karma_level": "Personal",
        "quirk": "Clings to alliances even when emotionally misaligned.",
        "habit": "Fuses loyalty with emotional safety.",
        "behavioral_expression": "Wavers between isolation and overcommitment."
      },
      "6.4": {
        "line_name": "Strategist",
        "karma_level": "Transpersonal",
        "quirk": "Attempts to predict emotional reactions before engaging.",
        "habit": "Uses logic to stabilize feelings.",
        "behavioral_expression": "Initiates indirect confrontation through strategy."
      },
      "6.5": {
        "line_name": "Leader",
        "karma_level": "Transpersonal",
        "quirk": "Feels responsible for everyone\u2019s emotional well-being.",
        "habit": "Overextends emotional support.",
        "behavioral_expression": "Leads through emotional diplomacy or martyrdom."
      },
      "6.6": {
        "line_name": "Witness",
        "karma_level": "Interpersonal",
        "quirk": "Detached observer of emotional patterns.",
        "habit": "Avoids personal entanglement.",
        "behavioral_expression": "Integrates or models how emotional conflict resolves."
      }
    },
    "crosses": [
      {
        "name": "Right Angle Cross of Conflict",
        "position": "Personality",
        "tension_signature": "Conflict \u2192 Clarity through Emotional Growth",
        "field_modifier": "Characters in this cross provoke emotional field recalibration."
      },
      {
        "name": "Left Angle Cross of Tension",
        "position": "Design",
        "tension_signature": "Tension \u2192 Stability through Emotional Boundaries",
        "field_modifier": "Acts as stabilizers in volatile group fields."
      }
    ]
  }
]