{
  "creativity": {
    "body": 0.8,
    "mind": 0.6,
    "heart": 0.9
  },
  "intuition": {
    "body": 0.3,
    "mind": 0.4,
    "heart": 1.0
  },
  "innovation": {
    "body": 0.7,
    "mind": 0.8,
    "heart": 0.5
  },
  "structure": {
    "body": 0.8,
    "mind": 0.9,
    "heart": 0.4
  },
  "communication": {
    "body": 0.6,
    "mind": 0.8,
    "heart": 0.7
  },
  "emotion": {
    "body": 0.5,
    "mind": 0.3,
    "heart": 1.0
  },
  "strategy": {
    "body": 0.4,
    "mind": 1.0,
    "heart": 0.3
  },
  "power": {
    "body": 0.9,
    "mind": 0.7,
    "heart": 0.6
  },
  "focus": {
    "body": 0.7,
    "mind": 0.9,
    "heart": 0.5
  },
  "behavior": {
    "body": 1.0,
    "mind": 0.5,
    "heart": 0.8
  },
  "action": {
    "body": 1.0,
    "mind": 0.3,
    "heart": 0.5
  },
  "grounding": {
    "body": 0.9,
    "mind": 0.6,
    "heart": 0.7
  },
  "flow": {
    "body": 0.6,
    "mind": 0.4,
    "heart": 0.9
  },
  "mental": {
    "body": 0.2,
    "mind": 1.0,
    "heart": 0.4
  },
  "spiritual": {
    "body": 0.3,
    "mind": 0.5,
    "heart": 1.0
  },
  "practical": {
    "body": 0.9,
    "mind": 0.8,
    "heart": 0.4
  },
  "emotional": {
    "body": 0.4,
    "mind": 0.2,
    "heart": 1.0
  },
  "leadership": {
    "body": 0.8,
    "mind": 0.7,
    "heart": 0.6
  },
  "service": {
    "body": 0.7,
    "mind": 0.5,
    "heart": 0.9
  },
  "wisdom": {
    "body": 0.4,
    "mind": 0.8,
    "heart": 0.9
  },
  "transformation": {
    "body": 0.6,
    "mind": 0.5,
    "heart": 0.8
  },
  "manifestation": {
    "body": 1.0,
    "mind": 0.6,
    "heart": 0.7
  },
  "understanding": {
    "body": 0.3,
    "mind": 1.0,
    "heart": 0.6
  },
  "connection": {
    "body": 0.5,
    "mind": 0.6,
    "heart": 0.9
  },
  "inspiration": {
    "body": 0.6,
    "mind": 0.7,
    "heart": 1.0
  }
}
