{
  "gates": {
    "1": {
      "name": "The Creative",
      "keywords": ["creative", "individual", "unique", "authentic", "original", "self-expression"],
      "element": "fire",
      "theme": "creativity",
      "bodygraph_center": "G"
    },
    "2": {
      "name": "The Receptive", 
      "keywords": ["receptive", "intuitive", "guidance", "direction", "knowing", "higher-self"],
      "element": "earth",
      "theme": "intuition",
      "bodygraph_center": "G"
    },
    "3": {
      "name": "Ordering",
      "keywords": ["innovation", "mutation", "change", "difficulty", "breakthrough", "chaos"],
      "element": "water", 
      "theme": "innovation",
      "bodygraph_center": "Sacral"
    },
    "4": {
      "name": "Youthful Folly",
      "keywords": ["answers", "formula", "logic", "mental", "understanding", "teaching"],
      "element": "mountain",
      "theme": "structure",
      "bodygraph_center": "Ajna"
    },
    "5": {
      "name": "Waiting",
      "keywords": ["timing", "rhythm", "patience", "natural", "flow", "seduction"],
      "element": "water",
      "theme": "communication",
      "bodygraph_center": "Sacral"
    },
    "6": {
      "name": "Conflict", 
      "keywords": ["emotion", "friction", "conflict", "intimacy", "peace", "war"],
      "element": "water",
      "theme": "emotion",
      "bodygraph_center": "Solar Plexus"
    },
    "7": {
      "name": "The Army",
      "keywords": ["leadership", "direction", "guidance", "role", "influence", "democracy"],
      "element": "earth",
      "theme": "strategy",
      "bodygraph_center": "G"
    },
    "8": {
      "name": "Holding Together",
      "keywords": ["contribution", "fulfillment", "individuality", "role-model", "leadership"],
      "element": "water", 
      "theme": "power",
      "bodygraph_center": "Throat"
    },
    "9": {
      "name": "The Taming Power of the Small",
      "keywords": ["focus", "concentration", "determination", "details", "attention"],
      "element": "wind",
      "theme": "focus",
      "bodygraph_center": "Sacral"
    },
    "10": {
      "name": "Treading",
      "keywords": ["behavior", "self-love", "higher-purpose", "survival", "love-of-life"],
      "element": "heaven",
      "theme": "behavior",
      "bodygraph_center": "G"
    }
  },
  "codon_mapping": {
    "1": {"codon": "ALA", "amino_acid": "Alanine"},
    "2": {"codon": "ARG", "amino_acid": "Arginine"},
    "3": {"codon": "ASN", "amino_acid": "Asparagine"},
    "4": {"codon": "ASP", "amino_acid": "Aspartic Acid"},
    "5": {"codon": "CYS", "amino_acid": "Cysteine"},
    "6": {"codon": "GLU", "amino_acid": "Glutamic Acid"},
    "7": {"codon": "GLN", "amino_acid": "Glutamine"},
    "8": {"codon": "GLY", "amino_acid": "Glycine"},
    "9": {"codon": "HIS", "amino_acid": "Histidine"},
    "10": {"codon": "ILE", "amino_acid": "Isoleucine"}
  },
  "element_mapping": {
    "fire": {
      "gates": [1, 13, 25, 37, 49, 55, 63],
      "characteristics": ["action", "initiative", "leadership", "inspiration"]
    },
    "earth": {
      "gates": [2, 7, 15, 52, 46, 24, 27],
      "characteristics": ["grounding", "practical", "service", "support"]
    },
    "water": {
      "gates": [3, 5, 6, 8, 48, 57, 61],
      "characteristics": ["emotion", "flow", "intuition", "depth"]
    },
    "air": {
      "gates": [9, 16, 20, 35, 43, 56, 62],
      "characteristics": ["communication", "mental", "ideas", "connection"]
    }
  }
}
