
{
  "gateMap": {
    "1": { "hexagram": 1, "codon": "ATA", "aminoAcid": "Isoleucine" },
    "2": { "hexagram": 2, "codon": "ATG", "aminoAcid": "Methionine" },
    "3": { "hexagram": 3, "codon": "AAG", "aminoAcid": "Lysine" },
    "4": { "hexagram": 4, "codon": "AAA", "aminoAcid": "Lysine" },
    "5": { "hexagram": 5, "codon": "TTG", "aminoAcid": "Leucine" },
    "6": { "hexagram": 6, "codon": "TTA", "aminoAcid": "Leucine" },
    "7": { "hexagram": 7, "codon": "TAG", "aminoAcid": "Stop" },
    "8": { "hexagram": 8, "codon": "TAA", "aminoAcid": "Stop" },
    "9": { "hexagram": 9, "codon": "TGG", "aminoAcid": "Tryptophan" },
    "10": { "hexagram": 10, "codon": "TGA", "aminoAcid": "Stop" }
  }
}
