
{
  "hexagrams": {
    "1": {
      "name": "The Creative",
      "gate": 1,
      "lines": [
        "Hidden dragon. Do not act.",
        "Dragon appearing in field. It furthers one to see the great man.",
        "All day long the superior man is creatively active.",
        "Wavering flight over the depths. No blame.",
        "Flying dragon in the heavens. It furthers one to see the great man.",
        "Arrogant dragon will have cause to repent."
      ],
      "codon": "ATA"
    },
    "2": {
      "name": "The Receptive",
      "gate": 2,
      "lines": [
        "When there is hoarfrost underfoot, solid ice is not far off.",
        "Straight, square, great. Without purpose, yet nothing remains unfurthered.",
        "Hidden lines. One is able to remain persevering.",
        "A tied-up sack. No blame, no praise.",
        "A yellow lower garment brings supreme good fortune.",
        "Dragons fight in the meadow. Their blood is black and yellow."
      ],
      "codon": "ATG"
    },
    "3": {
      "name": "Difficulty at the Beginning",
      "gate": 3,
      "lines": [
        "Hesitation and hindrance. It furthers one to remain persevering.",
        "Difficulties pile up. Horse and wagon part.",
        "Whoever hunts deer without the forester only loses his way in the forest.",
        "Horse and wagon part. Strive for union.",
        "Difficulties in blessing. A little perseverance brings good fortune.",
        "Horse and wagon part. Bloody tears flow."
      ],
      "codon": "AAG"
    }
  }
}
