
{
  "bodies": {
    "Khat": {
      "name": "Physical Body",
      "planet": "Earth",
      "traits": ["grounding", "material", "sensory"],
      "element": "Earth",
      "color": "Brown"
    },
    "Ka": {
      "name": "Vital Body",
      "planet": "Mars",
      "traits": ["energy", "passion", "drive"],
      "element": "Fire",
      "color": "Red"
    },
    "Ab": {
      "name": "Heart Body",
      "planet": "Venus",
      "traits": ["love", "connection", "harmony"],
      "element": "Water",
      "color": "Green"
    },
    "Ba": {
      "name": "Soul Body",
      "planet": "Moon",
      "traits": ["emotion", "intuition", "psychic"],
      "element": "Water",
      "color": "Silver"
    },
    "Akh": {
      "name": "Spirit Body",
      "planet": "Sun",
      "traits": ["consciousness", "awareness", "illumination"],
      "element": "Fire",
      "color": "Gold"
    },
    "Sahu": {
      "name": "Spiritual Body",
      "planet": "Jupiter",
      "traits": ["wisdom", "expansion", "teaching"],
      "element": "Air",
      "color": "Blue"
    },
    "Ren": {
      "name": "Name Body",
      "planet": "Mercury",
      "traits": ["communication", "identity", "expression"],
      "element": "Air",
      "color": "Yellow"
    },
    "Sheut": {
      "name": "Shadow Body",
      "planet": "Saturn",
      "traits": ["limitation", "structure", "discipline"],
      "element": "Earth",
      "color": "Black"
    },
    "Sekhem": {
      "name": "Power Body",
      "planet": "Pluto",
      "traits": ["transformation", "power", "regeneration"],
      "element": "Fire",
      "color": "Purple"
    }
  }
}
